{
  "American Samoa": [
    -14.305711987770538,
    -170.7007316174498
  ],
  "United States Minor Outlying Islands": [
    19.302045812215958,
    166.63800339749642
  ],
  "Cook Islands": [
    -21.222613253399842,
    -159.78768870952257
  ],
  "French Polynesia": [
    -17.674684080120677,
    -149.40041671099763
  ],
  "Niue": [
    -19.05230921680393,
    -169.86878106699083
  ],
  "Pitcairn": [
    -24.366121747565458,
    -128.3149848627581
  ],
  "Samoa": [
    -13.634252953274622,
    -172.44107655740137
  ],
  "Tokelau": [
    -9.195174767256544,
    -171.85265950722743
  ],
  "Tonga": [
    -21.15927212823853,
    -175.20415878511247
  ],
  "Wallis and Futuna": [
    -14.283442307826677,
    -178.12735555777184
  ],
  "El Salvador": [
    13.758041517055418,
    -88.85911489238985
  ],
  "Guatemala": [
    15.820878515352684,
    -90.31219349119617
  ],
  "Mexico": [
    23.87436068093592,
    -101.55399731630118
  ],
  "Canada": [
    57.550480044655636,
    -98.41680517868062
  ],
  "Argentina": [
    -35.697270518120085,
    -64.53238503843076
  ],
  "Falkland Islands": [
    -51.75901312766726,
    -58.746646363799854
  ],
  "Chile": [
    -37.82938283049967,
    -70.76863431739216
  ],
  "Ecuador": [
    -1.5642721388853116,
    -78.4630326109714
  ],
  "Peru": [
    -8.522717984240291,
    -74.11416196781884
  ],
  "Bolivia": [
    -16.7312488393574,
    -64.45209597511206
  ],
  "Brazil": [
    -11.524630416426652,
    -54.355206608256424
  ],
  "Paraguay": [
    -23.42190559259428,
    -58.38906357428651
  ],
  "Uruguay": [
    -32.78195043831093,
    -56.01919523458085
  ],
  "South Georgia and South Sandwich Islands": [
    -54.37666443862139,
    -36.77509575898928
  ],
  "Antarctica": [
    -77.16987521415838,
    -177.56451613408842
  ],
  "Fiji": [
    -17.822470952336204,
    177.98144613732626
  ],
  "Saint Helena": [
    -15.962963318340398,
    -5.717391620813109
  ],
  "Anguilla": [
    18.222874004219086,
    -63.06008343771806
  ],
  "Antigua and Barbuda": [
    17.07146759372967,
    -61.78530823226373
  ],
  "Aruba": [
    12.515625722992898,
    -69.97564014284046
  ],
  "Bahamas": [
    24.72162633646784,
    -78.07275370060313
  ],
  "Barbados": [
    13.183219369337529,
    -59.557383949150285
  ],
  "Belize": [
    17.24252476647155,
    -88.68273510023441
  ],
  "Bermuda": [
    32.315067430740726,
    -64.7458500599169
  ],
  "Bonaire": [
    12.180844982440338,
    -68.29350445958761
  ],
  "British Virgin Islands": [
    18.42195819619707,
    -64.62406519257699
  ],
  "Cayman Islands": [
    19.311231805620288,
    -81.25203208977878
  ],
  "Colombia": [
    4.187753877352739,
    -72.6445066243485
  ],
  "Costa Rica": [
    9.863467407406214,
    -84.14673625701816
  ],
  "Cuba": [
    21.476176522869448,
    -79.69817857618705
  ],
  "Curacao": [
    12.199996647939832,
    -68.96939768599042
  ],
  "Dominica": [
    15.429269860940513,
    -61.360471946942994
  ],
  "Dominican Republic": [
    18.77954818522993,
    -70.43495198520012
  ],
  "French Guiana": [
    3.857429742497078,
    -53.32232307156624
  ],
  "Grenada": [
    12.112926656338907,
    -61.67937937204098
  ],
  "Guadeloupe": [
    16.24420002705553,
    -61.54382262282755
  ],
  "Guyana": [
    4.68211981385056,
    -58.91352612754667
  ],
  "Haiti": [
    18.883520486983567,
    -72.89291379842
  ],
  "Honduras": [
    14.740370695750006,
    -86.49251679006962
  ],
  "Jamaica": [
    18.12207889341651,
    -77.30358894542778
  ],
  "Martinique": [
    14.642697353597645,
    -61.01432380875083
  ],
  "Montserrat": [
    16.735363391460357,
    -62.18693281256255
  ],
  "Nicaragua": [
    12.893566631930554,
    -85.016088327669
  ],
  "Panama": [
    8.439536749576892,
    -80.14428761482796
  ],
  "Puerto Rico": [
    18.216224086610914,
    -66.49425339593509
  ],
  "Saba": [
    17.632512616389718,
    -63.23739481909494
  ],
  "Saint Barthelemy": [
    17.90561691241738,
    -62.83051610005156
  ],
  "Saint Eustatius": [
    17.4919042294197,
    -62.978230589445026
  ],
  "Saint Kitts and Nevis": [
    17.314736299587768,
    -62.74560385895787
  ],
  "Saint Lucia": [
    13.895749185129906,
    -60.9689510935251
  ],
  "Saint Martin": [
    18.078012113224464,
    -63.06678525361946
  ],
  "Saint Pierre and Miquelon": [
    46.95153913615198,
    -56.32465353437558
  ],
  "Saint Vincent and the Grenadines": [
    13.254808122970651,
    -61.193766354393034
  ],
  "Sint Maarten": [
    18.03942608463078,
    -63.06883135915303
  ],
  "Suriname": [
    4.098723595920171,
    -55.855514311561286
  ],
  "Trinidad and Tobago": [
    10.415515638298093,
    -61.37236579976247
  ],
  "Turks and Caicos Islands": [
    21.799865427483745,
    -71.74058946811508
  ],
  "US Virgin Islands": [
    17.738009708772523,
    -64.76155341409797
  ],
  "Venezuela": [
    7.148324760507107,
    -66.36492135985132
  ],
  "Burkina Faso": [
    12.108709036312737,
    -1.6932816211842325
  ],
  "Cabo Verde": [
    15.076411518651643,
    -23.63401005900474
  ],
  "Côte d'Ivoire": [
    7.536779279421307,
    -5.571710194917734
  ],
  "Gambia": [
    13.428617959189328,
    -15.383380385869662
  ],
  "Ghana": [
    7.94530467243628,
    -1.219233362526581
  ],
  "Gibraltar": [
    36.14022671336082,
    -5.345549484594358
  ],
  "Guinea": [
    10.255986541378112,
    -10.986948848040218
  ],
  "Guinea-Bissau": [
    11.980075324820504,
    -14.980186756910847
  ],
  "Liberia": [
    6.52012979398834,
    -9.258988935497618
  ],
  "Mali": [
    17.168146208584837,
    -4.346399841781153
  ],
  "Mauritania": [
    20.466731212820022,
    -10.495079045035716
  ],
  "Morocco": [
    28.687598134979325,
    -8.817212587250811
  ],
  "Portugal": [
    39.67529214702138,
    -7.933662183874006
  ],
  "Senegal": [
    14.228861491763402,
    -14.610875368352305
  ],
  "Sierra Leone": [
    8.561330384750587,
    -11.78656695731115
  ],
  "Greenland": [
    74.16847218965994,
    -42.07567788066985
  ],
  "Guernsey": [
    49.45870771378872,
    -2.576392582891568
  ],
  "Ireland": [
    53.30489539816495,
    -8.241128545554096
  ],
  "Isle of Man": [
    54.22855301008011,
    -4.532995055468449
  ],
  "Jersey": [
    49.215396925724306,
    -2.1291601162653575
  ],
  "United Kingdom": [
    53.97844735080214,
    -2.852943909329258
  ],
  "Iceland": [
    65.12360920205514,
    -19.05682967106099
  ],
  "Faroe Islands": [
    62.130896281495346,
    -6.9811060913122835
  ],
  "Svalbard": [
    78.57318936469626,
    16.036378851505283
  ],
  "Bouvet Island": [
    -54.42316679395248,
    3.411969465057627
  ],
  "New Zealand": [
    -43.82765432544426,
    170.69035541428696
  ],
  "Angola": [
    -12.167424062667942,
    17.651768783079
  ],
  "Botswana": [
    -22.236609002062902,
    23.85779956995608
  ],
  "Burundi": [
    -3.261251993278643,
    29.88518227845293
  ],
  "Comoros": [
    -11.658861474508491,
    43.34826587429403
  ],
  "Congo": [
    -0.7294391595233845,
    14.879732849491393
  ],
  "Congo DRC": [
    -3.338629596207896,
    23.419827574282188
  ],
  "Gabon": [
    -0.628448459921234,
    11.839410898545754
  ],
  "Kenya": [
    0.6899182318376179,
    37.95309411262371
  ],
  "Lesotho": [
    -29.60168116924817,
    28.24475317864227
  ],
  "Malawi": [
    -13.128986464184024,
    34.23441182298881
  ],
  "Juan De Nova Island": [
    -17.06449193630804,
    42.74374761089645
  ],
  "Mozambique": [
    -17.525230309488748,
    35.208577031290176
  ],
  "Namibia": [
    -21.90858163281473,
    18.16451345845268
  ],
  "Rwanda": [
    -2.014687460047154,
    29.919439681764082
  ],
  "Sao Tome and Principe": [
    0.22744704294793774,
    6.606158796857607
  ],
  "South Africa": [
    -28.55361930679731,
    24.75252746489084
  ],
  "Eswatini": [
    -26.562540935608702,
    31.510685746082007
  ],
  "Tanzania": [
    -6.355794440041147,
    34.81832206060381
  ],
  "Zambia": [
    -13.162832953186246,
    27.75521363430896
  ],